{
    "total_stats": {
        "relative_to_compile": 0.508286004056795,
        "relative_to_total": 0.4058056680161944
    },
    "function_stats": {
        "relative_to_compile": {
            "sat_is_instantiated_var": 0.05248478701825557,
            "sat_is_irrelevant_var": 0.0024847870182555776,
            "sat_var_count": 0.0,
            "sat_var2pliteral": 0.06921906693711966,
            "sat_var2nliteral": 0.06879310344827584,
            "sat_is_implied_literal": 0.1309837728194726,
            "sat_literal_weight": 0.0,
            "sat_decide_literal": 0.011090263691683568,
            "sat_undo_decide_literal": 0.0036206896551724123,
            "sat_is_subsumed_clause": 0.15498985801217036,
            "sat_clause_count": 0.0,
            "sat_learned_clause_count": 0.0,
            "sat_assert_clause": 0.005405679513184583,
            "sat_state_new": 0.0056947261663286,
            "sat_state_free": 0.0010547667342799185,
            "sat_assert_unit_clauses": 0.00015212981744421904,
            "sat_undo_assert_unit_clauses": 5.5780933062880314e-05,
            "sat_at_assertion_level": 0.0022413793103448275
        },
        "relative_to_total": {
            "sat_is_instantiated_var": 0.041902834008097176,
            "sat_is_irrelevant_var": 0.0019838056680161944,
            "sat_var_count": 0.0,
            "sat_var2pliteral": 0.05526315789473684,
            "sat_var2nliteral": 0.05492307692307692,
            "sat_is_implied_literal": 0.10457489878542513,
            "sat_literal_weight": 0.0,
            "sat_decide_literal": 0.00885425101214575,
            "sat_undo_decide_literal": 0.0028906882591093115,
            "sat_is_subsumed_clause": 0.12374089068825914,
            "sat_clause_count": 0.0,
            "sat_learned_clause_count": 0.0,
            "sat_assert_clause": 0.004315789473684211,
            "sat_state_new": 0.004546558704453443,
            "sat_state_free": 0.0008421052631578948,
            "sat_assert_unit_clauses": 0.00012145748987854253,
            "sat_undo_assert_unit_clauses": 4.453441295546559e-05,
            "sat_at_assertion_level": 0.0017894736842105265
        }
    }
}